{
  "example_channel_2_rnd_last_run": 1783511904.1535068,
  "example_channel_2_tune_last_run": 1783511904.1535068,
  "example_culture_rnd_last_run": 1781356501.2135918,
  "example_culture_tune_last_run": 1781356501.2135918,
  "example_channel_4_rnd_last_run": 1783504627.7985482,
  "example_channel_4_tune_last_run": 1783504627.7985482,
  "example_channel_3_rnd_last_run": 1783502805.2221217,
  "example_channel_3_tune_last_run": 1783502805.2221217,
  "example_channel_1_rnd_last_run": 1783505595.212512,
  "example_channel_1_tune_last_run": 1783505595.212512,
  "example_crime_rnd_last_run": 1781353290.052619,
  "example_crime_tune_last_run": 1781353290.052619,
  "example_philosophy_rnd_last_run": 1781355671.5701995,
  "example_philosophy_tune_last_run": 1781355671.5701995,
  "example_sports_rnd_last_run": 1781356849.6085992,
  "example_sports_tune_last_run": 1781356849.6085992,
  "example_tech_ai_rnd_last_run": 1781934768.5455651,
  "example_tech_ai_tune_last_run": 1781934768.5455651,
  "example_channel_rnd_last_run": 1783716615.36283,
  "example_channel_tune_last_run": 1783716615.36283
}